State,alpha,beta,delta,lambda,kappa,E0,I0
arizona,0.49999999999999994,0.029285759314421393,1.812241035921895,[4.85353931e-03 3.23361576e-34 1.69708794e+01],[7.42270296e-04 9.74433642e-03 5.87182217e+01],9500,9500
mississippi,0.1000000010716103,0.14324628517504662,1.747473095758348,[1.20314140e-01 4.09167773e-34 1.78225820e+01],[2.76472653e-03 6.32104130e-03 4.48107346e+01],2000,1500
new mexico,0.1000046802933765,0.040216137013285566,0.10073093198590094,[2.00514297e-02 1.00670921e-06 1.88517469e+01],[6.50402654e-04 7.37828499e-03 8.60220813e+01],1000,2000
texas,0.499150933195638,0.10638961515116822,1.728406131222558,[ 0.04700275  0.06360463 38.20837767],[1.37143820e-03 8.99797713e-03 1.07298406e+02],1500,1000
virginia,0.49999983588716007,0.024621726409846497,1.9194597808521092,[2.85566417e-03 3.20218371e-34 1.93854163e+01],[0.00064482 0.00702926 0.1       ],8500,7000
