Metric,Ground Truth (arizona),Agent Policy (arizona),Ground Truth (mississippi),Agent Policy (mississippi),Ground Truth (new mexico),Agent Policy (new mexico),Ground Truth (texas),Agent Policy (texas),Ground Truth (virginia),Agent Policy (virginia)
Average Active Cases per 100K,1847.0319722381043,1216.3368552495922,329.91313100272697,346.1637308044191,835.669078751848,1084.967893355702,368.8021910575659,370.8553097100733,1158.8950402337146,827.8295579489566
Average Daily Death Incidence per 100K,0.4264465926817899,0.3288855085082535,0.5738852885020339,0.5173668912998975,0.40318897091428396,0.40919310450565594,0.35244736700190615,0.30397503370849366,0.20934316819415838,0.16938826251429223
Average R0,1.0970923791484297,1.0687434939858032,1.062280878715488,1.0492162783388863,1.0785888346604375,1.0539279197218305,1.0853526924079304,1.0758277037469626,1.046507607786269,1.0557453570084219
Average Incidence Rate per 100K,24.104635007465575,13.797112925453314,25.153813022877127,23.90405742446493,24.11657710412076,22.58581838422723,20.939326954252444,20.584565720343328,13.698803445667535,8.18048131339801
